--delete from roles_permissions;
--delete from permissions;

insert into roles(name) values('admin');
insert into roles(name) values('funcionario');
insert into roles(name) values('revisor');
insert into roles(name) values('ciudadano');
insert into roles(name) values('public');
insert into roles(name) values('superAdmin');

insert into permissions(id,name, http_verb, url) values (1, 'Get Requests','GET','/business-reports/api/requests');
insert into permissions(id,name, http_verb, url) values (2,'Get Notifications Count','GET','/single-window/api/notifications/count');
insert into permissions(id,name, http_verb, url) values (3,'Get Notifications','GET','/single-window/api/notifications');
insert into permissions(id,name, http_verb, url) values (4,'Post request','POST','/virtual-office/api/request');
insert into permissions(id,name, http_verb, url) values (5,'Get Single Request','GET','/single-window/api/requests/*');
insert into permissions(id,name, http_verb, url) values (6,'Get All Notifications','PUT','/single-window/api/notifications/*');
insert into permissions(id,name, http_verb, url) values (7,'Get Requests','GET','/single-window/api/requests');
insert into permissions(id,name, http_verb, url) values (8,'Get Alerts','GET','/single-window/api/requests/alerts');
insert into permissions(id,name, http_verb, url) values (9,'Get Reviewed','GET','/single-window/api/requests/reviewed');
insert into permissions(id,name, http_verb, url) values (11,'Post Single Request','POST','/single-window/api/requests/*');
insert into permissions(id,name, http_verb, url) values (12,'Get Tasks','GET','/portal-functionary/api/task');
insert into permissions(id,name, http_verb, url) values (13,'Get Task Alerts','GET','/portal-functionary/api/task/alerts');
insert into permissions(id,name, http_verb, url) values (14,'Get Historic Task','GET','/portal-functionary/api/historic-tasks');
insert into permissions(id,name, http_verb, url) values (15,'Get Task Detail','GET','/portal-functionary/api/task/*');
insert into permissions(id,name, http_verb, url) values (16,'Get Case Requests','GET','/single-window/api/requests/caseid-requests/*');
insert into permissions(id,name, http_verb, url) values (17,'Post Complete Task','POST','/portal-functionary/api/task/complete');
insert into permissions(id,name, http_verb, url) values (18,'Get Reviewed requests','GET','/business-reports/api/reviewed-requests');
insert into permissions(id,name, http_verb, url) values (19,'Post Create ProcedureSettings','POST','/customer-settings/api/procedureSettings');
insert into permissions(id,name, http_verb, url) values (20,'Get Procedures','GET','/customer-settings/api/procedureSettings/procedures');
insert into permissions(id,name, http_verb, url) values (21,'Get Procedures','GET','/customer-settings/api/procedureSettings/schema');
insert into permissions(id,name, http_verb, url) values (22,'Get Public System Settings','GET','/customer-settings/api/systemSettings');
insert into permissions(id,name, http_verb, url) values (23,'Get Tenant Settings','GET','/customer-settings/api/settings/tenants/*');
insert into permissions(id,name, http_verb, url) values (24,'Post Tenant Settings','POST','/customer-settings/api/settings/tenants');
insert into permissions(id,name, http_verb, url) values (25,'Post Create Process Instance','POST','/workflow-manager/api/process-instances');
insert into permissions(id,name, http_verb, url) values (26,'Get Historic Tasks','GET','/workflow-manager/api/historic-tasks');
insert into permissions(id,name, http_verb, url) values (27,'Get Tasks Alerts','GET','/workflow-manager/api/task/alerts');
insert into permissions(id,name, http_verb, url) values (28,'Get All Task','GET','/workflow-manager/api/task');
insert into permissions(id,name, http_verb, url) values (29,'Get Requests By CaseIds','GET','/single-window/api/requests/caseid-requests');
insert into permissions(id,name, http_verb, url) values (30,'Get Task Detail','GET','/workflow-manager/api/task/*');
insert into permissions(id,name, http_verb, url) values (31,'Post Complete Task ','POST','/workflow-manager/api/task/complete');
insert into permissions(id,name, http_verb, url) values (32,'Post Create Process Definition','POST','/workflow-manager/api/process-definitions');
insert into permissions(id,name, http_verb, url) values (33,'Put update ticket','PUT','autheo/api/auth');
insert into permissions(id,name, http_verb, url) values (34,'Post Create Tocken','POST','autheo/api/users/*/tokens');
insert into permissions(id,name, http_verb, url) values (35,'Get Organizations Roles','GET','/autheo/api/roles/organizations/*');
insert into permissions(id,name, http_verb, url) values (36,'Post Create Business Role','POST','/autheo/api/roles/businessRole');
insert into permissions(id,name, http_verb, url) values (37,'Get Document Number Exists','GET','/autheo/api/users/documents/*');
insert into permissions(id,name, http_verb, url) values (38,'Post Create User With Photo','POST','/autheo/api/users/photo');
insert into permissions(id,name, http_verb, url) values (39,'Delete Logout','DELETE','/autheo/api/tokens/*/cache');
insert into permissions(id,name, http_verb, url) values (40,'Get Tenant Settings','GET','/customer-settings/api/settings/tenants');
insert into permissions(id,name, http_verb, url) values (41,'Get Users','GET','/autheo/api/users');
insert into permissions(id,name, http_verb, url) values (42,'Get Process Diagram','GET','/workflow-manager/api/process-instances/*/diagram');
insert into permissions(id,name, http_verb, url) values (43,'Get User Image','GET','/autheo/api/users/*/*/image');
insert into permissions(id,name, http_verb, url) values (44,'Get Tasks Alerts','GET','/workflow-manager/api/task/open-tasks/alerts');
insert into permissions(id,name, http_verb, url) values (45,'Post SignTask ','POST','/portal-functionary/api/task/SignAndCompleteTypeTask/*');
insert into permissions(id,name, http_verb, url) values (46,'Post Task Detail ','GET','/workflow-manager/api/process-instances/*/currentTask');
insert into permissions(id,name, http_verb, url) values (47,'Get Request Report ','GET','/business-reports/api/request-report');
insert into permissions(id,name, http_verb, url) values (48,'Get PDF Request Report ','GET','/business-reports/api/request-report/*/pdf');
insert into permissions(id,name, http_verb, url) values (49,'Get XLSX Request Report ','GET','/business-reports/api/request-report/*/xlsx');
insert into permissions(id,name, http_verb, url) values (50,'Put reject request','PUT','/single-window/api/requests/*');
insert into permissions(id,name, http_verb, url) values (51,'Post AuthCertificate','POST','/autheo/api/users/certificateTokens/*');
insert into permissions(id,name, http_verb, url) values (52,'Get Username Exists','GET','/autheo/api/users/usernames/*');
insert into permissions(id,name, http_verb, url) values (53,'Post Save System Settings','POST','/customer-settings/api/systemSettings');
insert into permissions(id,name, http_verb, url) values (54,'Post create password token','POST','/autheo/api/users/password-tokens');
insert into permissions(id,name, http_verb, url) values (55,'Put change pasword','PUT','/autheo/api/users/password-tokens'); 
insert into permissions(id,name, http_verb, url) values (56,'Get ProcedureSettings','GET','/customer-settings/api/procedureSettings/*'); 
insert into permissions(id,name, http_verb, url) values (57,'Post json form','POST','document-manager/api/v2/temporals/json');
insert into permissions(id,name, http_verb, url) values (58,'Post save citizen docs','POST','/document-manager/api/v2/signed-documents/citizen-documents');
insert into permissions(id,name, http_verb, url) values (59,'Get temporal file','GET','/document-manager/api/v2/temporals/*');
insert into permissions(id,name, http_verb, url) values (60,'Get signed documents','GET','/document-manager/api/v2/signed-documents');
insert into permissions(id,name, http_verb, url) values (61,'Get signed document versions','GET','/document-manager/api/v2/signed-documents/*/versions');
insert into permissions(id,name, http_verb, url) values (62,'Get document content','GET','/document-manager/api/v2/signed-documents/*/versions/*/file');
insert into permissions(id,name, http_verb, url) values (63,'Get process document','GET','/document-manager/api/v2/process/*/*/*/file');
insert into permissions(id,name, http_verb, url) values (64,'Post process document','POST','/document-manager/api/v2/process/*/*/file');
insert into permissions(id,name, http_verb, url) values (65,'Post temporals','POST','/document-manager/api/v2/temporals');
insert into permissions(id,name, http_verb, url) values (66,'Post qr-footer','POST','/document-manager/api/v2/temporals/*/qr-footer');
insert into permissions(id,name, http_verb, url) values (67,'Post pfdHash','POST','/document-manager/api/v2/temporals/*/pfdHash');
insert into permissions(id,name, http_verb, url) values (68,'Post client signed','POST','/document-manager/api/v2/signed-documents/client-signed');
insert into permissions(id,name, http_verb, url) values (69,'Post upload temporal file','POST','document-manager/api/v2/temporals/pdf');
insert into permissions(id,name, http_verb, url) values (70,'Get the form data of a request','GET','/virtual-office/api/form-data');
insert into permissions(id,name, http_verb, url) values (71,'Post redact and complete task','POST','/portal-functionary/api/task/RedactAndCompleteTypeTask/*');
insert into permissions(id,name, http_verb, url) values (72,'Post style sheet','POST','/customer-settings/api/stylesheets');
insert into permissions(id,name, http_verb, url) values (73,'Get style sheet','GET','/customer-settings/api/stylesheets');
insert into permissions(id,name, http_verb, url) values (74,'Create superAdmin','POST','/autheo/api/organizations');
insert into permissions(id,name, http_verb, url) values (75,'Get ProcedureSettings','GET','/customer-settings/api/settings/async-tx-params'); 
insert into permissions(id,name, http_verb, url) values (76,'Put document signed','PUT','/document-manager/api/v2/signed-documents'); 
insert into permissions(id,name, http_verb, url) values (77,'Create superAdmin','GET','/customer-settings/api/stylesheets/tenantList');
insert into permissions(id,name, http_verb, url) values (78,'get tenant logo','GET','/customer-settings/api/stylesheets/logo');
insert into permissions(id,name, http_verb, url) values (79,'get theme of sede electronica','GET','/customer-settings/api/stylesheets/sedeElectronica');
insert into permissions(id,name, http_verb, url) values (80,'Get documents','GET','document-manager/api/v2/documents');
insert into permissions(id,name, http_verb, url) values (81,'Get document descendants','GET','document-manager/api/v2/documents/*/descendants');
insert into permissions(id,name, http_verb, url) values (82,'Get document','GET','document-manager/api/v2/documents/*');
insert into permissions(id,name, http_verb, url) values (83,'Get user','GET','autheo/api/users/*/*');
insert into permissions(id,name, http_verb, url) values (84,'Get signers','GET','/document-manager/api/v2/signed-documents/*/signers');
insert into permissions(id,name, http_verb, url) values (85,'Validate doc','GET','/document-manager/api/v2/signed-documents/*/file');
insert into permissions(id,name, http_verb, url) values (86,'Copy documents','POST','document-manager/api/v2/signed-documents/citizen-documents/*');
insert into permissions(id,name, http_verb, url) values (87,'get tenant hex color','GET','/customer-settings/api/stylesheets/hexColor');
insert into permissions(id,name, http_verb, url) values (88,'Create document','POST','document-manager/api/v2/documents');
insert into permissions(id,name, http_verb, url) values (89,'Get undelivered messages list','GET','/message-reinjector/api/undelivered-message');
insert into permissions(id,name, http_verb, url) values (90,'Get undelivered messages list','POST','/message-reinjector/api/undelivered-message');

insert into roles_permissions(role_name, permission_id) values ('ciudadano',1);
insert into roles_permissions(role_name, permission_id) values ('ciudadano',2);
insert into roles_permissions(role_name, permission_id) values ('ciudadano',3);
insert into roles_permissions(role_name, permission_id) values ('ciudadano',4);
insert into roles_permissions(role_name, permission_id) values ('ciudadano',5);
insert into roles_permissions(role_name, permission_id) values ('ciudadano',6);
insert into roles_permissions(role_name, permission_id) values ('ciudadano',20);
insert into roles_permissions(role_name, permission_id) values ('ciudadano',21);
insert into roles_permissions(role_name, permission_id) values ('ciudadano',23);
insert into roles_permissions(role_name, permission_id) values ('ciudadano',39);
insert into roles_permissions(role_name, permission_id) values ('ciudadano',56);
insert into roles_permissions(role_name, permission_id) values ('ciudadano',57);
insert into roles_permissions(role_name, permission_id) values ('ciudadano',58); 
insert into roles_permissions(role_name, permission_id) values ('ciudadano',59);
insert into roles_permissions(role_name, permission_id) values ('ciudadano',60);
insert into roles_permissions(role_name, permission_id) values ('ciudadano',61);
insert into roles_permissions(role_name, permission_id) values ('ciudadano',62);
insert into roles_permissions(role_name, permission_id) values ('ciudadano',69);
insert into roles_permissions(role_name, permission_id) values ('ciudadano',70);
insert into roles_permissions(role_name, permission_id) values ('ciudadano',80);
insert into roles_permissions(role_name, permission_id) values ('ciudadano',81);
insert into roles_permissions(role_name, permission_id) values ('ciudadano',82);
insert into roles_permissions(role_name, permission_id) values ('ciudadano',86);

insert into roles_permissions(role_name, permission_id) values ('revisor',1);
insert into roles_permissions(role_name, permission_id) values ('revisor',5);
insert into roles_permissions(role_name, permission_id) values ('revisor',7);
insert into roles_permissions(role_name, permission_id) values ('revisor',8);
insert into roles_permissions(role_name, permission_id) values ('revisor',9);
insert into roles_permissions(role_name, permission_id) values ('revisor',11);
insert into roles_permissions(role_name, permission_id) values ('revisor',18);
insert into roles_permissions(role_name, permission_id) values ('revisor',23);
insert into roles_permissions(role_name, permission_id) values ('revisor',25);
insert into roles_permissions(role_name, permission_id) values ('revisor',39);
insert into roles_permissions(role_name, permission_id) values ('revisor',40);
insert into roles_permissions(role_name, permission_id) values ('revisor',41);
insert into roles_permissions(role_name, permission_id) values ('revisor',43);
insert into roles_permissions(role_name, permission_id) values ('revisor',46);
insert into roles_permissions(role_name, permission_id) values ('revisor',47);
insert into roles_permissions(role_name, permission_id) values ('revisor',48);
insert into roles_permissions(role_name, permission_id) values ('revisor',49);
insert into roles_permissions(role_name, permission_id) values ('revisor',50);
insert into roles_permissions(role_name, permission_id) values ('revisor',56);
insert into roles_permissions(role_name, permission_id) values ('revisor',59);
insert into roles_permissions(role_name, permission_id) values ('revisor',60);
insert into roles_permissions(role_name, permission_id) values ('revisor',62);
insert into roles_permissions(role_name, permission_id) values ('revisor',65);
insert into roles_permissions(role_name, permission_id) values ('revisor',66);
insert into roles_permissions(role_name, permission_id) values ('revisor',67);
insert into roles_permissions(role_name, permission_id) values ('revisor',68);
insert into roles_permissions(role_name, permission_id) values ('revisor',69);
insert into roles_permissions(role_name, permission_id) values ('revisor',75);
insert into roles_permissions(role_name, permission_id) values ('revisor',76);
insert into roles_permissions(role_name, permission_id) values ('revisor',84);
insert into roles_permissions(role_name, permission_id) values ('revisor',88);


insert into roles_permissions(role_name, permission_id) values ('funcionario',12);
insert into roles_permissions(role_name, permission_id) values ('funcionario',13);
insert into roles_permissions(role_name, permission_id) values ('funcionario',14);
insert into roles_permissions(role_name, permission_id) values ('funcionario',15);
insert into roles_permissions(role_name, permission_id) values ('funcionario',16);
insert into roles_permissions(role_name, permission_id) values ('funcionario',17);
insert into roles_permissions(role_name, permission_id) values ('funcionario',18);
insert into roles_permissions(role_name, permission_id) values ('funcionario',23);
insert into roles_permissions(role_name, permission_id) values ('funcionario',25);
insert into roles_permissions(role_name, permission_id) values ('funcionario',26);
insert into roles_permissions(role_name, permission_id) values ('funcionario',27);
insert into roles_permissions(role_name, permission_id) values ('funcionario',28);
insert into roles_permissions(role_name, permission_id) values ('funcionario',29);
insert into roles_permissions(role_name, permission_id) values ('funcionario',30);
insert into roles_permissions(role_name, permission_id) values ('funcionario',31);
insert into roles_permissions(role_name, permission_id) values ('funcionario',39);
insert into roles_permissions(role_name, permission_id) values ('funcionario',40);
insert into roles_permissions(role_name, permission_id) values ('funcionario',41);
insert into roles_permissions(role_name, permission_id) values ('funcionario',42);
insert into roles_permissions(role_name, permission_id) values ('funcionario',43);
insert into roles_permissions(role_name, permission_id) values ('funcionario',44);
insert into roles_permissions(role_name, permission_id) values ('funcionario',45);
insert into roles_permissions(role_name, permission_id) values ('funcionario',47);
insert into roles_permissions(role_name, permission_id) values ('funcionario',48);
insert into roles_permissions(role_name, permission_id) values ('funcionario',49);
insert into roles_permissions(role_name, permission_id) values ('funcionario',56);
insert into roles_permissions(role_name, permission_id) values ('funcionario',59);
insert into roles_permissions(role_name, permission_id) values ('funcionario',60);
insert into roles_permissions(role_name, permission_id) values ('funcionario',62);
insert into roles_permissions(role_name, permission_id) values ('funcionario',63);
insert into roles_permissions(role_name, permission_id) values ('funcionario',64);
insert into roles_permissions(role_name, permission_id) values ('funcionario',65);
insert into roles_permissions(role_name, permission_id) values ('funcionario',66);
insert into roles_permissions(role_name, permission_id) values ('funcionario',67);
insert into roles_permissions(role_name, permission_id) values ('funcionario',68);
insert into roles_permissions(role_name, permission_id) values ('funcionario',69);
insert into roles_permissions(role_name, permission_id) values ('funcionario',71);
insert into roles_permissions(role_name, permission_id) values ('funcionario',84);
insert into roles_permissions(role_name, permission_id) values ('funcionario',88);

insert into roles_permissions(role_name, permission_id) values ('admin',19);
insert into roles_permissions(role_name, permission_id) values ('admin',23);
insert into roles_permissions(role_name, permission_id) values ('admin',24);
insert into roles_permissions(role_name, permission_id) values ('admin',32);
insert into roles_permissions(role_name, permission_id) values ('admin',35);
insert into roles_permissions(role_name, permission_id) values ('admin',36);
insert into roles_permissions(role_name, permission_id) values ('admin',37);
insert into roles_permissions(role_name, permission_id) values ('admin',38);
insert into roles_permissions(role_name, permission_id) values ('admin',39);
insert into roles_permissions(role_name, permission_id) values ('admin',40);
insert into roles_permissions(role_name, permission_id) values ('admin',43);
insert into roles_permissions(role_name, permission_id) values ('admin',20);
insert into roles_permissions(role_name, permission_id) values ('admin',52);
insert into roles_permissions(role_name, permission_id) values ('admin',53);
insert into roles_permissions(role_name, permission_id) values ('admin',87);
insert into roles_permissions(role_name, permission_id) values ('admin',89);
insert into roles_permissions(role_name, permission_id) values ('admin',90);

insert into roles_permissions(role_name, permission_id) values ('superAdmin',72);
insert into roles_permissions(role_name, permission_id) values ('superAdmin',73);
insert into roles_permissions(role_name, permission_id) values ('superAdmin',74);
insert into roles_permissions(role_name, permission_id) values ('superAdmin',77);
insert into roles_permissions(role_name, permission_id) values ('superAdmin',87);

insert into roles_permissions(role_name, permission_id) values ('public',22);
insert into roles_permissions(role_name, permission_id) values ('public',33);
insert into roles_permissions(role_name, permission_id) values ('public',34);
insert into roles_permissions(role_name, permission_id) values ('public',51);
insert into roles_permissions(role_name, permission_id) values ('public',54);
insert into roles_permissions(role_name, permission_id) values ('public',55);
insert into roles_permissions(role_name, permission_id) values ('public',53);
insert into roles_permissions(role_name, permission_id) values ('public',73);
insert into roles_permissions(role_name, permission_id) values ('public',78);
insert into roles_permissions(role_name, permission_id) values ('public',79);
insert into roles_permissions(role_name, permission_id) values ('public',85);

insert into roles_permissions(role_name, permission_id) values ('micro_service',83);